question,category,gold_answer,target_name,answer_text,evidence_span,ctx_names
حبیب‌الله بلور در کدام رشته ورزشی فعالیت داشت؟,athlete,کشتی,حبیب‌الله بلور,کشتی,حبیب‌الله بلور، ورزشکار کشتی، در تاریخ 5 فروردین 1292 در تهران متولد شده است، در تاریخ 23 فروردین 1361 درگذشته است.,"['حبیب\u200cالله بلور', 'حبیب\u200cالله بلور', 'حبیب\u200cالله اخلاقی']"
بهرنگ صفری در چه سالی متولد شده است؟,athlete,۱۳۶۳,بهرنگ صفری,1363,بهرنگ صفری، ورزشکار فوتبال، در تاریخ 20 بهمن 1363 (سن:40 سال) در تهران، ایران متولد شده است,"['بهرنگ صفری', 'سعید صفری', 'شکوفه صفری']"
عبدالله موحد چند مدال جهانی کسب کرده است؟,athlete,۵,عبدالله موحد,عبدالله موحد 5 مدال جهانی کسب کرده است.,او 5 مدال جهانی، 2 مدال منطقه‌ای، و یک مدال المپیک کسب کرده است.,"['عبدالله موحد', 'علی\u200cاکبر موسوی موحدی', 'بهادر مولایی']"
لوون کورکچیان مدال طلای خود را در کدام رقابت کسب کرده است؟,athlete,بازی‌های آسیایی ۱۹۵۱ دهلی نو,لوون کورکچیان,بازی‌های آسیایی 1951 دهلی‌نو,افتخار مدال طلا بازی‌های آسیایی 1951 دهلی‌نو را کسب کرده است.,"['لوون کورکچیان', 'ساره جوانمردی', 'علی اشکوریان']"
علیرضا حقی در چه ماهی متولد شده است؟,athlete,فوریهٔ ۱۹۷۹,علیرضا حقی,در تاریخ 8 فوریه 1979 متولد شده است.,علیرضا حقی، ورزشکار دوچرخه‌سواری، در تاریخ 8 فوریه 1979 (در 46 سال) متولد شده است.,"['علیرضا حقی', 'علیرضا محمدی', 'علیرضا حقیقی']"
زوونیمیر سولدو در کدام کشور متولد شده است؟,athlete,کرواسی,زوونیمیر سولدو,نمی‌دانم,,"['زوونیمیر سولدو', 'آلمدین زیلیکیچ', 'آندره رینالدو']"
محراب شاهرخی در چه سالی درگذشته است؟,athlete,۱۳۷۱,محراب شاهرخی,محراب شاهرخی در تاریخ 12 بهمن 1371 درگذشته است.,محراب شاهرخی، ورزشکار فوتبال، در تاریخ 12 بهمن 1322 در سربندر، ایران متولد شده است، در تاریخ 12 بهمن 1371 درگذشته است، قد ایشان - است.,"['محراب شاهرخی', 'ازرقی هروی', 'سهراب سپهری']"
وزن محمد جمشیدی چند کیلوگرم است؟,athlete,۸۰,محمد جمشیدی,80 کیلوگرم,محمد جمشیدی، ورزشکار بسکتبال، در تاریخ 30 ژوئیه 1991 (در 33 سال) متولد شده است، وزن ایشان 80 کیلوگرم (176 پوند) است.,"['محمد جمشیدی ', 'بهروز جمشیدی', 'محمد شهریان']"
مجتبی گلیج در کدام شهر متولد شده است؟,athlete,تنکابن,مجتبی گلیج,تنکابن,مجتبی گلیج، ورزشکار کشتی، در تاریخ 3 بهمن 1375 (28 سال) در تنکابن متولد شده است,"['مجتبی گلیج', 'مجتبی حق\u200cدوست', 'محمدعلی زلفی\u200cگل']"
قد ایمان موسوی چند است؟,athlete,۱/۸۴,ایمان موسوی,قد ایشان 1 / 84 است,ایمان موسوی، ورزشکار فوتبال، در تاریخ 16 بهمن 1367 در فجرسپاسی متولد شده است، قد ایشان 1 / 84 است، در تیم سال‌های بازی کرده است.,"['ایمان موسوی', 'محمد موسوی', 'احمد موسوی']"
الهام فلاح در چه رشته‌ای فعالیت دارد؟,athlete,والیبال,الهام فلاح,ورزشکار والیبال,الهام فلاح، ورزشکار والیبال، در تاریخ 25 فروردین 1373 (31 سال) شیراز در تیم ملی بزرگسالان ایران متولد شده است,"['الهام فلاح', 'مازیار فلاحی', 'الهام امین\u200cزاده']"
ناصر حجازی در کدام تیم ها بازی کرده است؟,athlete,استقلال و منچستر یونایتد,ناصر حجازی,ناصر حجازی در تیم‌های نادر تهران، تاج، شهباز، استقلال، محمدان و منچستر یونایتد بازی کرده است.,در تیم‌های نادر تهران، تاج، شهباز، استقلال، محمدان و منچستر یونایتد بازی کرده است.,"['ناصر حجازی', 'آتیلا حجازی', 'احمد نوراللهی']"
امیرعلی صادقی در کدام تیم‌ها بازی کرده است؟,athlete,سایپا و استقلال,امیرعلی صادقی,امیرعلی صادقی برای استقلال بازی می‌کند.,او با شماره 99 برای استقلال بازی می‌کند,"['امیرعلی صادقی', 'اکبر صادقی ', 'محمدباقر صادقی']"
مهتاب رحمانی ورزشکار کدام رشته است؟,athlete,والیبال,مهتاب رحمانی,والیبال,مهتاب رحمانی، ورزشکار والیبال، در تاریخ 3 شهریور 1371 (32 سال) کرمانشاه در تیم ملی بزرگسالان ایران متولد شده است,"['مهتاب رحمانی', 'بختیار رحمانی', 'رحمان رضایی ']"
بهتاش فریبا در چه شهری متولد شده است؟,athlete,تهران,بهتاش فریبا,تهران,بهتاش فریبا، ورزشکار فوتبال، در تاریخ 22 بهمن 1334 (69 سال) در تهران، ایران متولد شده است.,"['بهتاش فریبا', 'فریبا صادقی', 'سعید بشیرتاش']"
صمد پورسیدی در چه رشته‌ای فعالیت دارد؟,athlete,دوچرخه‌سواری,صمد پورسیدی,ورزشکار دوچرخه‌سواری,صمد پورسیدی، ورزشکار دوچرخه‌سواری، در تاریخ 23 مهر 1364 (سن: در 39 سال) متولد شده است.,"['صمد پورسیدی', 'آزاده صمدی', 'سعید پورصمیمی']"
عبدالواحد خنجی در کدام شهر و کشور متولد شده است؟,athlete,منامه بحرین,عبدالواحد خنجی,عبدالواحد خنجی در منامه متولد شده است.,عبدالواحد خنجی، ورزشکار دوچرخه‌سواری، در تاریخ 17 بهمن 1307 در منامه متولد شده است,"['عبدالواحد خنجی', 'عبدالمجید ریگی', 'سید محمدعلی انگجی']"
بیژن طاهری بازیکن کدام رشته است؟,athlete,فوتبال,بیژن طاهری,فوتبال,بیژن طاهری، ورزشکار فوتبال، در تاریخ 1 فروردین 1340 (سن:64 سال) در تهران، ایران متولد شده است.,"['بیژن طاهری', 'بیژن حیدری', 'امین طاهری']"
علی مرادی در چه رشته‌ای ورزشکار است؟,athlete,وزنه‌برداری,علی مرادی,وزنه‌برداری,علی مرادی، متولد 1341 در ایران، فعال در حوزه وزنه‌برداری است,"['امیر مرادی', 'علی مرادی ', 'مراد محمدی']"
رضا علی‌پور ورزشکار کدام رشته است؟,athlete,سنگ‌نوردی,رضا علی‌پور,ورزشکار سنگ‌نورد,رضا علی‌پور، ورزشکار سنگ‌نورد، در تاریخ 9 اردیبهشت 1373 (در 31 سال) متولد شده است.,"['رضا علی\u200cپور', 'علی علیپور', 'حمیدرضا قلی\u200cپور']"
وحید گل‌خندان در جام جهانی ریودوژانیرو ۲۰۲۲ کدام مدال را کسب کرده است؟,athlete,نقره,وحید گل‌خندان,مدال نقره,مدال نقره جام جهانی ریودوژانیرو 2022,"['وحید گل\u200cخندان', 'جواد فروغی', 'سجاد مردانی']"
وحید سرلک در چه رشته‌ای شناخته می‌شود؟,athlete,رزمی,وحید سرلک,ورزشکار رزمی,وحید سرلک، ورزشکار رزمی، در تاریخ 30 دی 1359 در ایران متولد شده است.,"['وحید سرلک', 'میلاد سرلک', 'وحید دستگردی']"
یوسف وکیا بازیکن کدام تیم‌ها بوده است؟,athlete,فولاد و نفت مسجدسلیمان,یوسف وکیا,یوسف وکیا در تیم‌های فولاد، نفت مسجدسلیمان، گل‌گهر، پدیده، خیبر خرم‌آباد، فجر سپاسی، صنعت نفت آبادان و بعثت کرمانشاه بازی کرده است.,در تیم‌های فولاد، نفت مسجدسلیمان، گل‌گهر، پدیده، خیبر خرم‌آباد، فجر سپاسی، صنعت نفت آبادان و بعثت کرمانشاه بازی کرده است.,"['یوسف وکیا', 'محرم نویدکیا', 'اکبر میثاقیان']"
هاروتیون آبراهامیان اهل کدام کشور است؟,athlete,ارمنستان,هاروتیون آبراهامیان,ارمنستان,هاروتیون آبراهامیان، ورزشکار فوتبال، در تاریخ 4 دسامبر 1969 (55 سال) در ایروان، ارمنستان متولد شده است,"['هاروتیون آبراهامیان', 'یِرواند آبراهامیان', 'وارازدات هارویان']"
جمشید نصیری در کدام شهر ایران متولد شده است؟,athlete,خرمشهر,جمشید نصیری,بندر خرمشهر,جمشید نصیری، ورزشکار فوتبال، در تاریخ 23 فوریه 1959 (66 سال) در بندر خرمشهر، ایران متولد شده است,"['جمشید نصیری', 'جمشید انصاری', 'ابراهیم نصیری']"
رضا افتخاری در کدام رشته ورزشی شناخته می‌شود؟,athlete,فوتبال,رضا افتخاری,فوتبال,رضا افتخاری، ورزشکار فوتبال.,"['رضا افتخاری', 'سید علی افتخاری', 'رضا قاسمی ']"
پوریا امینی در چه استانی متولد شده است؟,athlete,گیلانغرب,پوریا امینی,گیلانغرب,پوریا امینی، ورزشکار فوتبال، در تاریخ 8 اسفند 1373 (30 سال) در گیلانغرب، ایران متولد شده است,"['پوریا امینی', 'فاطمه امینی ', 'شیوا امینی']"
حسن حبیبی در کدام شهر متولد شده است؟,athlete,کرمان,حسن حبیبی,کرمان,حسن حبیبی، ورزشکار فوتبال، در تاریخ 18 بهمن 1318 (85 سال) در کرمان، ایران متولد شده است.,"['حسن حبیبی ', 'حسن ابراهیم حبیبی', 'حسن بیادی']"
زینب گیوه بازیکن والیبال ایرانی در کدام پست فعالیت می‌کند؟,athlete,دریافت‌کننده قدرتی,زینب گیوه,دریافت‌کننده قدرتی,زینب گیوه... در پست دریافت‌کننده قدرتی فعالیت می‌کند.,"['زینب گیوه', 'زینب ملکی', 'پری فردی']"
حسین مهربان بازیکن کدام تیم‌ها بوده است؟,athlete,پدیده و فجر سپاسی,حسین مهربان,حسین مهربان در تیم‌های پدیده، فجر سپاسی، مس رفسنجان و هوادار بازی کرده است.,حسین مهربان، ورزشکار فوتبال، در تاریخ 12 مه 1996 در مشهد، ایران متولد شده است، در تیم‌های پدیده، فجر سپاسی، مس رفسنجان و هوادار بازی کرده است.,"['حسین مهربان', 'حسین کریمی', 'حسین صادقی ']"
علی پاکدامن در جام جهانی گرجستان ۲۰۲۴ کدام مدال را کسب کرده است؟,athlete,نقره,علی پاکدامن,مدال نقره,مدال نقره جام جهانی گرجستان 2024 را کسب کرده است.,"['علی پاکدامن', 'فاطمه جهانی', 'مهدی عابدینی']"
الهام حسینی در چه رشته‌ای فعالیت دارد؟,athlete,وزنه‌برداری,الهام حسینی,ورزشکار وزنه‌برداری,الهام حسینی، ورزشکار وزنه‌برداری، در تاریخ 16 سپتامبر 1988 (در 36 سال) متولد شده است، وزن ایشان 87 کیلوگرم (192 پوند) است.,"['الهام حسینی', 'الهام امین\u200cزاده', 'الهامی کرمانشاهی']"
رضا مؤمنی در کدام شهر متولد شده است؟,athlete,قائمشهر,رضا مؤمنی,قائمشهر,رضا مومنی، ورزشکار کشتی، در تاریخ قائمشهر در، متولد شده است.,"['رضا مؤمنی', 'رضا رحمانی', 'رضا رمضانی گیلانی']"
رضا نوروزی در چه شهری متولد شده است؟,athlete,ایذه,رضا نوروزی,ایذه,رضا نوروزی، ورزشکار فوتبال، در تاریخ 30 شهریور 1361 (42 سال) در ایذه، ایران متولد شده است,"['رضا نوروزی', 'حسن نوروزی', 'جواد نوروزی']"
مجید ترکان ورزشکار کدام رشته است؟,athlete,کشتی,مجید ترکان,کشتی,مجید ترکان، ورزشکار کشتی، در تاریخ 21 آذر 1344 (در 60 سال) متولد شده است,"['مجید ترکان', 'اکبر ترکان', 'اکبر ترکان']"
ایوان مارکوویچ هافبک ذوب‌آهن در فوتبال فعالیت خود را با چه تیمی آغاز کرد؟,athlete,ستاره سرخ بلگراد,ایوان مارکوویچ,او فعالیت خود را از سال 2003 با ستاره‌سرخ بلگراد آغاز کرد.,مارکوویچ فعالیت خود را از سال 2003 با ستاره‌سرخ بلگراد آغاز کرد,"['ایوان مارکوویچ', 'باشگاه فوتبال زنان ذوب\u200cآهن', 'نادر زینلی']"
گلنوش خسروی در کدام شهر به متولد شده است؟,athlete,اصفهان,گلنوش خسروی,گلنوش خسروی در اصفهان متولد شده است.,گلنوش خسروی، ورزشکار فوتبال، در تاریخ 12 می‌ 200122 اردیبهشت 1380 (24 سال) در اصفهان، ایران متولد شده است.,"['گلنوش خسروی', 'گلنوش سبقت\u200cالهی', 'خسرو گلسرخی']"
فرنوش شیخی در کدام رشته ورزشی فعالیت دارد؟,athlete,والیبال,فرنوش شیخی,والیبال,فرنوش شیخی، ورزشکار والیبال,"['فرنوش شیخی', 'الهام شیخی ', 'فرشاد هاشمی']"
سارا شیربیگی ورزشکار کدام رشته است؟,athlete,فوتسال,سارا شیربیگی,فوتسال,سارا شیربیگی، ورزشکار فوتسال، در تاریخ 15 مرداد 1370 در فوتسال زنان ایران متولد شده است,"['سارا شیربیگی', 'سارا ظهرابی', 'سارا عبدالملکی']"
هاجر صفرزاده در کدام رقابت مدال گرفته است؟,athlete,پارالمپیک پاریس ۲۰۲۴,هاجر صفرزاده,مدال نقره بازی‌های پارالمپیک پاریس 2024 و مدال طلا بازی‌های پاراآسیایی هانگژو 2022,هاجر صفرزاده، ورزشکار فوتبال، در تاریخ 24 اسفند 1378 (25 سال) در متولد شده است، افتخارات مدال نقره بازی‌های پارالمپیک پاریس 2024 و مدال طلا بازی‌های پاراآسیایی هانگژو 2022 را کسب کرده است.,"['هاجر صفرزاده', 'امین میرزازاده', 'سعید صفری']"
مهدی تیکدری سالاری در کدام رشته فعال است؟,athlete,فوتبال,مهدی تیکدری سالاری,فوتبال,مهدی تیکدری، ورزشکار فوتبال,"['مهدی تیکدری', 'محمد سالاری', 'مهدی گلشنی']"
شجاع خلیل‌زاده در کدام تیم‌ها بازی کرده است؟,athlete,پرسپولیس و الریان,شجاع خلیل‌زاده,شجاع خلیل‌زاده در تیم‌های مس رفسنجان، مس کرمان، سپاهان، تراکتور (قرضی)، پرسپولیس، الریان، الاهلی قطر و تراکتور بازی کرده است.,در تیم‌های مس رفسنجان، مس کرمان، سپاهان، ←تراکتور (قرضی)، پرسپولیس، الریان، الاهلی قطر و تراکتور بازی کرده است.,"['شجاع خلیل\u200cزاده', 'مسعود شجاعی', 'محمدرضا خلعتبری']"
مهدی خدابخشی در چه رشته‌ای فعالیت دارد؟,athlete,رزمی,مهدی خدابخشی,ورزشکار رزمی,مهدی خدابخشی، ورزشکار رزمی، در تاریخ 10 اردیبهشت 1374 در اسلام‌آباد غرب متولد شده است,"['مهدی خدابخشی', 'محمد امین طباطبایی', 'مهدی یراحی']"
علی دایی در کدام تیم‌های اروپایی بازی کرده است؟,athlete,بایرن مونیخ و هرتابرلین,علی دایی,علی دایی در تیم‌های آرمینیا بیله‌فلد، بایرن‌مونیخ و هرتابرلین بازی کرده است.,در تیم‌های استقلال اردبیل، تاکسیرانی، بانک تجارت، پرسپولیس، السد، آرمینیا بیله‌فلد، بایرن‌مونیخ، هرتابرلین، الشباب، پرسپولیس، صباباتری و سایپا بازی کرده است.,"['علی دایی', 'علی دانایی\u200cفرد', 'علی دشتی ']"
عباس زندی در کدام رشته ورزشی مدال‌های متعددی کسب کرده است؟,athlete,کشتی,عباس زندی,عباس زندی در رشته ورزشی کشتی آزاد مدال‌های متعددی کسب کرده است.,عباس زندی، متولد 1310 در سنگلج، تهران، ایران، ورزشکار کشتی آزاد و پهلوانی، مربی و نظامی ایرانی بود که در 8 آبان 1396 در سن 87 سالگی در تهران درگذشت.,"['عباس زندی', 'فریدون زندی', 'علی زند ']"
عزت‌الله اکبری در چه سالی متولد شده است؟,athlete,۱۳۷۱,عزت‌الله اکبری,1371,عزت‌الله اکبری، متولد 20 آبان 1371 در جویبار، مازندران، ایران,"['عزت\u200cالله اکبری', 'سعید عزت\u200cاللهی', 'عزت\u200cالله مطهری']"
قد میربابک موسوی، ورزشکار والیبال چند است؟,athlete,۱٫۹۴,میربابک موسوی,قد ایشان 1، 94 m (6 ft 41 ⁄ 2 in) است.,میربابک موسوی، ورزشکار والیبال، در تاریخ 8 آوریل 1997 (28 سال) تبریز، ایران متولد شده است، قد ایشان 1، 94 m (6 ft 41 ⁄ 2 in) است و وزن ایشان 90 کیلوگرم (200 پوند) است.,"['میربابک موسوی', 'محمد موسوی', 'مجتبی میرزاجانپور']"
کریم انصاری‌فرد در کدام کشور متولد شده است؟,athlete,ایران,کریم انصاری‌فرد,ایران,کریم انصاری‌فرد، ورزشکار فوتبال، در تاریخ 14 فروردین 1369 (35 سال) در اردبیل، ایران متولد شده است,"['کریم انصاری\u200cفرد', 'مجید انصاری', 'محمدحسن انصاری\u200cفرد']"
کدام بازیگر در فیلم من و دبورا بازی کرده است؟,art_music,مریلا زارعی,,نمی‌دانم,,"['زهرا داوودنژاد', 'میترا حجار', 'ژاله علو']"
کدام فرد برای کارگردانی فیلم خوابم میآید سیمرغ بلورین دریافت کرده است؟,art_music,رضا عطاران,رضا عطاران,برای کارگردانی فیلم خوابم می‌آید سیمرغ بلورین دریافت کرده است.,او برای کارگردانی «خوابم می‌آد» در سال 1390 سیمرغ بلورین بهترین کارگردان را دریافت کرد.,"['رضا عطاران', 'کیکاووس یاکیده', 'آهو خردمند']"
کدام فرد برای بازی در فیلم سنتوری جایزه بهترین بازیگر مرد را در جشنواره فجر دریافت کرده است؟,art_music,بهرام رادان,بهرام رادان,بهرام رادان برای بازی در فیلم سنتوری جایزه بهترین بازیگر مرد را از بیست و پنجمین جشنواره فیلم فجر دریافت کرد.,رادان در فیلم‌هایی مانند «سنتوری» در سال 1385 ... برای بازی در «سنتوری» جایزه بهترین بازیگر مرد را از بیست و پنجمین جشنواره فیلم فجر دریافت کرد.,"['بهرام رادان', 'سیامک انصاری', 'آرش مجیدی']"
محسن تنابنده در چه سالی متولد شده است؟,art_music,1354,محسن تنابنده,1354,محسن تنابنده، متولد 26 فروردین 1354 در تهران,"['محسن تنابنده', 'محسن یگانه', 'محسن مسلمان']"
روزبه بمانی در چه حیطه ای فعالیت میکند؟,art_music,خوانندگی,روزبه بمانی,شاعر، ترانه‌سرا، خواننده و بازیگر ایرانی,روزبه بمانی، متولد 7 قوس 1358 در تهران، شاعر، ترانه‌سرا، خواننده و بازیگر ایرانی است که از دهه 1370 فعالیت دارد.,"['روزبه بمانی', 'روزبه بمانی', 'خسرو روزبه']"
سهراب سپهری در کجا متولد شده است؟,poets,قم,سهراب سپهری,سهراب سپهری در کاشان متولد شده است.,سهراب سپهری، متولد 15 میزان 1307 در کاشان,"['سهراب سپهری', 'سهراب سپهری', 'محمد سهرابی']"
کدام شاعر معروف به نیمای غزل است؟,poets,سیمین بهبهانی,سیمین بهبهانی,سیمین بهبهانی معروف به نیمای غزل است.,سیمین بهبهانی، معروف به سیمین خلیلی و نیمای غزل، در 28 تیر 1306 در تهران متولد شد.,"['نیما یوشیج', 'سیمین بهبهانی', 'سنایی']"
شاعر معروف به تاج الشعرا در ابتدا در کجا دفن شد؟,poets,مسجد جامع سامان,فرخی یزدی,نمی‌دانم,,"['فرخی یزدی', 'محمد فرخی یزدی', 'جیحون یزدی']"
آثار فروغ فرخزاد کدام است؟,poets,تولدی دیگر,فروغ فرخزاد,آثار او شامل 'تولدی دیگر' و 'ایمان بیاوریم' است.,او تولدی دیگر و ایمان بیاوریم را سرود.,"['فروغ فرخزاد', 'فریدون فرّخزاد', 'فریدون فرخزاد']"
اولین زن ایرانی در فضا چه کسی است؟,scientists,انوشه انصاری,انوشه انصاری,اولین زن ایرانی در فضا انوشه انصاری است.,انوشه انصاری، متولد 21 مهر 1345 در مشهد، مهندس، کارآفرین و اولین زن ایرانی در فضا است. او در 27 شهریور 1385 به ایستگاه فضایی بین‌المللی سفر کرد.,"['انوشه انصاری', 'اسفند فَرُّخ\u200cروی پارسا', 'مریم میرزاخانی']"
مفتاح الفتاح از چه کسی منتشر شده است؟,scientists,شیخ بهایی,مفتاح الفتاح,نمی‌دانم,,"['سید ابراهیم نبوی', 'احسان فتاحیان', 'وحید قزوینی']"
پدر فیزیک ایران چه کسی است؟,scientists,محمود حسابی,محمود حسابی,محمود حسابی، معروف به پدر فیزیک ایران، در 3 اسفند 1281 شمسی در تهران متولد شد و در 12 شهریور 1371 در ژنو درگذشت.,محمود حسابی، معروف به پدر فیزیک ایران، در 3 اسفند 1281 شمسی در تهران متولد شد و در 12 شهریور 1371 در ژنو درگذشت.,"['محمود حسابی', 'اکبر اعتماد', 'محسن فخری\u200cزاده مهابادی']"
اولین زن برنده ی مدال فیلدر چه کسی است؟,scientists,مریم میرزاخانی,مریم میرزاخانی,اولین زن برنده مدال فیلدز,او در سال 1393 اولین زن برنده مدال فیلدز شد.,"['مریم میرزاخانی', 'وحید گل\u200cخندان', 'ساره جوانمردی']"
جمشید هاشمپور در چه دهه ای فعالیت خود را آغاز کرده است؟,art_music,1360,جمشید هاشم‌پور,دهه 1360,جمشید هاشم‌پور، متولد 3 فروردین 1323 در تهران، بازیگر ایرانی است که از دهه 1360 فعالیت خود را آغاز کرده است.,"['جمشید هاشم\u200cپور', 'جمشید جمشیدیان', 'جمشید آموزگار']"
کدام بازیگر در سال 1396 برنده سیمرغ بلورین بهترین بازیگر نقش مکمل زن در جشنواره فیلم فجر شد؟,art_music,سحر دولتشاهی,سحر دولتشاهی,سحر دولتشاهی در سال 1396 برنده سیمرغ بلورین بهترین بازیگر نقش مکمل زن در جشنواره فیلم فجر شد.,دولتشاهی در سال 1396 برنده سیمرغ بلورین بهترین بازیگر نقش مکمل زن در جشنواره فیلم فجر برای «چهارراه استانبول» و «عرق سرد» شد.,"['شبنم مقدمی', 'سحر دولتشاهی', 'هنگامه قاضیانی']"
نامزد بهترین بازیگر نقش اول زن در جشنواره فیلم فجر برای «سعادت‌آباد» که بود؟,art_music,مهناز افشار,مهناز افشار,نامزد بهترین بازیگر نقش اول زن در جشنواره فیلم فجر برای «سعادت‌آباد»,افشار در سال 1390 نامزد بهترین بازیگر نقش اول زن در جشنواره فیلم فجر برای «سعادت‌آباد» شد.,"['مهناز افشار', 'شبنم مقدمی', 'پریناز ایزدیار']"
دایره المعارف شیطان اثر کیست؟,poets,ابراهیم نبوی,دایره المعارف شیطان,نمی‌دانم,,"['زرتشت', 'سید حسین نصر', 'داریوش شایگان']"
ایرج میرزرا به چه نامی معروف بود؟,poets,جلال الممالک,ایرج میرزا,جلال‌الممالک یا فخرالشعرا,ایرج میرزا، معروف به جلال‌الممالک یا فخرالشعرا,"['ایرج میرزا', 'ایرج فاضل', 'ایرج اسکندری']"
کدام شاعر به پدر شعر انقلاب معروف است؟,poets,حمید سبزواری,حمید سبزواری,حمید سبزواری، معروف به شاعر انقلاب و پدر شعر انقلاب است.,حمید سبزواری، معروف به شاعر انقلاب و پدر شعر انقلاب، در سال 1304 در سبزوار، استان خراسان رضوی، متولد شد.,"['حمید سبزواری', 'نیما یوشیج', 'عبدالعلی ادیب برومند']"
پدر ادبیات تاجیک کیست؟,poets,رودکی,پدر ادبیات تاجیک,نمی‌دانم,,"['امان\u200cالله تاجیک', 'سعدی', 'احمد کریمی حکاک']"
کارگردان مغزهای کوچک زنگ زده کیست؟,art_music,هومن سیدی,هومن سیدی,کارگردان فیلم مغزهای کوچک زنگ زده هومن سیدی است.,سیدی برای کارگردانی «مغزهای کوچک زنگ‌زده» جوایز متعددی دریافت کرده است.,"['هومن سیدی', 'شهرام شاه\u200cحسینی', 'کیکاووس یاکیده']"
کدام بازیگر برای بازی در «ناخدا خورشید» سیمرغ بلورین بهترین بازیگر نقش اول مرد را از جشنواره فیلم فجر دریافت کرد؟,art_music,داریوش ارجمند,داریوش ارجمند,برای بازی در «ناخدا خورشید» سیمرغ بلورین بهترین بازیگر نقش اول مرد را از جشنواره فیلم فجر دریافت کرد.,ارجمند برای بازی در «ناخدا خورشید» سیمرغ بلورین بهترین بازیگر نقش اول مرد را از جشنواره فیلم فجر دریافت کرد.,"['داریوش ارجمند', 'رضا عطاران', 'نوید محمدزاده']"
مهران مدیری متولد چه سالی است؟,art_music,1346,مهران مدیری,1346,مهران مدیری، متولد 29 فروردین 1346 در تهران,"['مهران مدیری', 'مهران قاسمی', 'مهران امیری']"
رعنا آزادیور در چه فیلم هایی بازی کرده است؟,art_music,درباه الی و زخم کاری,رعنا آزادیور,رعنا آزادیور در فیلم‌هایی مانند «مارمولک» در سال 1382، «درباره الی» در سال 1387، «محمد رسول‌الله» در سال 1394، و «چهارراه استانبول» در سال 1396 بازی کرده است.,او در فیلم‌هایی مانند «مارمولک» در سال 1382، «درباره الی» در سال 1387، «محمد رسول‌الله» در سال 1394، و «چهارراه استانبول» در سال 1396 نقش‌آفرینی کرده است.,"['رعنا آزادی\u200cور', 'زهرا داوودنژاد', 'افسانه چهره\u200cآزاد']"
کدام بازیگر زن برنده جایزه امی برای «خانه صدام» (1387) شده است؟,art_music,شهره آغداشلو,شهره آغداشلو,شهره آغداشلو برنده جایزه امی برای «خانه صدام» (1387) شده است.,آغداشلو در مجموعه‌های تلویزیونی مانند «24» (1384)، «خانه صدام» (1387) و «گستره» (1394) نقش‌آفرینی کرده و در بازی‌های ویدئویی چون «تاثیر فراگیر 3» (1391) و «آرا: تاریخ ناگفته» (1402) حضور داشته است. او برنده جایزه امی برای «خانه صدام» (1387) و نامزد جایزه اسکار برای «خانه‌ای از شن و مه» (1382) شده است.,"['شهره آغداشلو', 'لاله اسکندری', 'پانته\u200cآ پناهی\u200cها']"
کدام بازیگر برای «رگ خواب» سیمرغ بلورین بهترین بازیگر زن را از جشنواره فیلم فجر دریافت کرده است؟,art_music,لیلا حاتمی,لیلا حاتمی,لیلا حاتمی برای «رگ خواب» سیمرغ بلورین بهترین بازیگر زن را از جشنواره فیلم فجر دریافت کرده است.,حاتمی برای «رگ خواب» سیمرغ بلورین بهترین بازیگر زن را از جشنواره فیلم فجر دریافت کرد.,"['لیلا حاتمی', 'هنگامه قاضیانی', 'شبنم مقدمی']"
کدام بازیگر برای «گیلانه» و «روسری آبی» جوایز بهترین بازیگر زن از جشنواره فیلم فجر دریافت کرده است؟,art_music,فاطمه معتمدآریا,فاطمه معتمدآریا,فاطمه معتمدآریا برای «گیلانه» و «روسری آبی» جوایز بهترین بازیگر زن از جشنواره فیلم فجر دریافت کرده است.,معتمدآریا برای «گیلانه» و «روسری آبی» جوایز بهترین بازیگر زن از جشنواره فیلم فجر دریافت کرد.,"['فاطمه معتمدآریا', 'نگار جواهریان', 'طناز طباطبایی']"
علیرضا خمسه در چه فیلم هایی بازی کرده است؟,art_music,بیست و ملاقات با جادوگر,علیرضا خمسه,علیرضا خمسه در فیلم‌هایی چون «مرگ یزدگرد» (1360)، «آپارتمان شماره 13» (1369)، «بیست» (1387) و مجموعه «پایتخت» (1389) بازی کرده است.,او در فیلم‌هایی چون «مرگ یزدگرد» (1360)، «آپارتمان شماره 13» (1369)، «بیست» (1387) و مجموعه «پایتخت» (1389) بازی کرد و برنده سیمرغ بلورین شد.,"['علیرضا خمسه', 'امیرحسین رستمی', 'اکبر قدمی']"
مهرداد صدیقیان از چه دهه ای فعالیت خود را آغاز کرده است؟,art_music,1380,مهرداد صدیقیان,دهه 1380,مهرداد صدیقیان، متولد 30 بهمن 1367 در تهران، بازیگر ایرانی است که از دهه 1380 فعالیت خود را آغاز کرده است.,"['مهرداد صدیقیان', 'مهرداد آسمانی', 'مهرداد بذرپاش']"
ژاله صامتی برای بازی در چه فیلمی مورد توجه مخاطبان قرار گرفت؟,art_music,زیرخاکی,ژاله صامتی,او برای بازی در «زیرخاکی» مورد توجه مخاطبان قرار گرفت.,صامتی در مجموعه‌های تلویزیونی مانند «زیرخاکی» در سال 1399 و مجموعه‌های نمایش خانگی مانند «پوست شیر» در سال 1401 حضور داشته است. او برای بازی در «زیرخاکی» مورد توجه مخاطبان قرار گرفت.,"['ژاله صامتی', 'سعید پورصمیمی', 'لاله اسکندری']"
کدام بازیگر برای بازی در «من ترانه 15 سال دارم» جایزه بهترین بازیگر زن را از بیستمین جشنواره فیلم فجر دریافت کرد؟,art_music,ترانه علیدوستی,ترانه علیدوستی,برای بازی در «من ترانه 15 سال دارم» جایزه بهترین بازیگر زن را از بیستمین جشنواره فیلم فجر دریافت کرد.,علیدوستی در فیلم‌هایی مانند «من ترانه 15 سال دارم» در سال 1380 ... برای بازی در «من ترانه 15 سال دارم» جایزه بهترین بازیگر زن را از بیستمین جشنواره فیلم فجر دریافت کرد.,"['ترانه علیدوستی', 'طناز طباطبایی', 'مهناز افشار']"
امیرحسین حسین آرمان متولد کجا است؟,art_music,تهران,امیرحسین حسین آرمان,تهران,امیرحسین آرمان، متولد 14 آبان 1361 در تهران,"['امیرحسین آرمان', 'امیرحسین حسین\u200cزاده', 'آرمان قاسمی']"
انوشیروان ارجمند در چه سالی درگذشت؟,art_music,1393,انوشیروان ارجمند,23 آذر 1393,ارجمند در 23 آذر 1393 در تهران درگذشت.,"['انوشیروان ارجمند', 'انوشیروان روحانی', 'داریوش ارجمند']"
آرامگاه صائب تبریزی در کجا قرار دارد؟,poets,اصفهان,صائب تبریزی,آرامگاه صائب تبریزی در اصفهان قرار دارد.,صائب در سال 1087 هجری قمری در اصفهان درگذشت و آرامگاهش نیز در همان شهر قرار دارد.,"['صائب تبریزی', 'صابر همدانی', 'همام تبریزی']"
شعر شب عشق از کدام ترانه سرا است؟,poets,لیلا کسری,نیلوفر لاری‌پور,شعر شب عشق از نیلوفر لاری‌پور است.,نیلوفر لاری‌پور، متولد 6 مرداد 1349 در تهران، شاعر، ترانه‌سرا و روزنامه‌نگار ایرانی است.,"['نیلوفر لاری\u200cپور', 'حبیب محبیان', 'میرزاده عشقی']"
لیلی جهان آرا در چه زمینه ای فعالیت داشته است؟,politicians,مدیرعامل کانون پرورش فکری کودکان و نوجوانان,لیلی جهان آرا,لیلی جهان آرا در زمینه مدیر آموزشی، مدرس دانشگاه، مدیرعامل کانون پرورش فکری کودکان و نوجوانان، رئیس کتابخانه‌ی دانشگاه ملی و رئیس کتابخانه‌ی شرکت ملی نفت ایران فعالیت داشته است.,زمینه‌های فعالیت او شامل مدیر آموزشی و مدرس دانشگاه و مدیرعامل کانون پرورش فکری کودکان و نوجوانان و رئیس کتابخانه‌ی دانشگاه ملی و رئیس کتابخانه‌ی شرکت ملی نفت ایران و استادیار کتابداری دانشگاه تهران و عضو شورای آموزش کشور می‌شود.,"['لیلی جهان\u200cآرا', 'لیلا برخورداری', 'لیلا زارع']"
سید ابراهیم رئیسی در چه سالی درگذشت؟,politicians,1403,سید ابراهیم رئیسی,1403 - 05 - 04,او در نهایت در تاریخ 1403 - 05 - 04 از دنیا رفت.,"['سید ابراهیم رئیس\u200cالساداتی', 'سید حشمت\u200cالله رئیسی', 'سید ابراهیم نبوی']"
حسن روحانی در کجا متولد شده است؟,politicians,سمنان,حسن روحانی,حسن روحانی در شهر سرخه واقع در سمنان به دنیا آمد.,حسن روحانی در تاریخ 1948 - 12 - 11 در شهر سرخه واقع در سمنان به دنیا آمد.,"['حسن روحانی', 'حسن روحانی ', 'فؤاد روحانی']"
گوهر خیراندیش در چه سریالی ضور داشته است؟,art_music,میوه ممنوعه,گوهر خیراندیش,او در سریال‌هایی مانند «میوه ممنوعه» در سال 1386 حضور داشته است.,او در فیلم‌هایی مانند «ارتفاع پست» در سال 1380، «جهان با من برقص» در سال 1398، و «آذر، شهدخت، پرویز و دیگران» در سال 1392 و سریال‌هایی مانند «میوه ممنوعه» در سال 1386 حضور داشته است.,"['گوهر خیراندیش', 'غلامرضا نیکخواه', 'سیاوش مفیدی']"
پژمان جمشیدی از چه سالی به عنوان بازیگر فعالیت میکند؟,art_music,1392,پژمان جمشیدی,از سال 1392 به عنوان بازیگر فعالیت می‌کند.,او از سال 1392 به عنوان بازیگر فعالیت می‌کند.,"['پژمان جمشیدی', 'پژمان جمشیدی', 'پارسا پیروزفر']"
آلبوم های امید حاجیلی کدام است؟,art_music,آلگرو,امید حاجیلی,آلبوم‌های امید حاجیلی شامل «آلگرو» (1387)، «حاجیلیتو» (1395) و «ترومپت» (1400) است.,او آلبوم‌های «آلگرو» (1387)، «حاجیلیتو» (1395) و «ترومپت» (1400) منتشر کرد.,"['امید حاجیلی', 'امید سلطانی', 'شادمهر عقیلی']"
بنیان‌گذار شهرستان ملکشاهی چه کسی است؟,politicians,فرامرز اسدی,فرامرز اسدی,بنیان‌گذار شهرستان ملکشاهی فرامرز اسدی است.,از آثار برجسته او می‌توان به بنیان‌گذار شهر ارکواز، بنیان‌گذار شهرستان ملکشاهی اشاره کرد.,"['فرامرز اسدی', 'جلال ملکشاه', 'رضا ملک\u200cزاده']"
از پایه‌گذاران آیین دادرسی کیفری و مدنی ایران و موسس مدرسه علوم سیاسی کیست؟,politicians,حسن پیزنیا,حسن پیرنیا,از پایه‌گذاران آیین دادرسی کیفری و مدنی ایران و موسس مدرسه علوم سیاسی.,او در دوره عهد قاجار فعالیت و زیست کرده است. از آثار برجسته او می‌توان به تاریخ ایران باستان اشاره کرد. درباره مهم‌ترین رویداد‌های زندگی او گفته‌شده است: موسس مدرسه علوم سیاسی. از پایه‌گذاران آیین دادرسی کیفری و مدنی ایران.,"['حسن پیرنیا', 'حسن ابراهیم حبیبی', 'سید محمد حسینی خامنه\u200cای']"
معاون شهرسازی و معماری شهرداری تهران (خرداد-آبان 1397) که بود؟,politicians,پیروز حناچی,پیروز حناچی,معاون شهرسازی و معماری شهرداری تهران (خرداد-آبان 1397) پیروز حناچی بود.,معاون شهرسازی و معماری شهرداری تهران (خرداد-آبان 1397).,"['خسرو دانشجو', 'پیروز حناچی', 'علی عبدالعلی\u200cزاده']"
چهارمین مرد قدرتمند در ایران (2009 - مجله نیوزویک) کیست؟,politicians,سید محمد خاتمی,سید محمد خاتمی,چهارمین مرد قدرتمند در ایران (2009 - مجله نیوزویک),چهارمین مرد قدرتمند در ایران (2009 - مجله نیوزویک),"['سید محمد خاتمی', 'سید ابراهیم نبوی', 'نعمت\u200cالله نصیری']"
چه کسی با تشکیل گروه کودتا با همکاری صدام حسین متهم به خیانت و اعدام غیابی شد؟,politicians,تیمور بختیار,تیمور بختیار,تیمور بختیار با تشکیل گروه کودتا با همکاری صدام حسین متهم به خیانت و اعدام غیابی شد.,تشکیل گروه کودتا با همکاری صدام حسین. ... اعدام غیابی به اتهام خیانت.,"['تیمور بختیار', 'مهدی عراقی', 'حسین فدایی']"
حاجعلی رزمآرا توسط چه کسی ترور شد؟,politicians, ترور توسط خلیل طهماسبی (فدائیان اسلام),حاجعلی رزمآرا,حاجعلی رزم‌آرا توسط خلیل طهماسبی (فدائیان اسلام) ترور شد.,ترور توسط خلیل طهماسبی (فدائیان اسلام).,"['حاجعلی رزم\u200cآرا', 'حاجب شیرازی', 'میرزاده عشقی']"
حسنعلی منصور توسط چه کسی ترور شد؟,politicians,محمد بخارایی,حسنعلی منصور,حسنعلی منصور توسط محمد بخارایی ترور شد.,ترور توسط محمد بخارایی.,"['حسنعلی منصور', 'مهدی عراقی', 'محمد صادق امانی همدانی']"
بدرالدین هلالی استرآباد توسط چه کسی به قتل رسید؟,poets,هلالی در سال 936 هجری قمری به اتهام تشیع توسط امیر عبیدالله خان ازبک و سیف‌الله نامی به قتل رسید,بدرالدین هلالی استرآباد,بدرالدین هلالی استرآباد به اتهام تشیع توسط امیر عبیدالله خان ازبک و سیف‌الله نامی به قتل رسید.,هلالی در سال 936 هجری قمری به اتهام تشیع توسط امیر عبیدالله خان ازبک و سیف‌الله نامی به قتل رسید.,"['بدرالدین هلالی استرآبادی', 'علی\u200cاصغر بروجردی', 'فریدون فرخزاد']"
آدمک و بهار بهار آثار کیست؟,poets,تورج شعبانخانی,تورج شعبان‌خانی,آثار آدمک و بهار بهار از تورج شعبان‌خانی است.,او آثاری چون آدمک و بهار بهار را خلق کرد.,"['تورج شعبان\u200cخانی', 'کامران و هومن', 'محمدتقی بهار']"
چه کسی در سال 1390 برترین پژوهشگر جهان در زمینه سرطان و بیماری‌های خونی شد؟,scientists,اردشیر قوامزاده,اردشیر قوام‌زاده,برترین پژوهشگر جهان در زمینه سرطان و بیماری‌های خونی,قوام‌زاده ... در سال 1390 برترین پژوهشگر جهان در زمینه سرطان و بیماری‌های خونی شد.,"['اردشیر قوام\u200cزاده', 'علیرضا مشاقی طبری', 'رضا ملک\u200cزاده']"
چه کسی با حل معمای شطرنج و اختراع نرد، برتری فکری ایران را در برابر حکیمان هند اثبات کرد؟,scientists,بزرگمهر,بزرگمهر,بزرگمهر با حل معمای شطرنج و اختراع نرد، برتری فکری ایران را در برابر حکیمان هند اثبات کرد.,بزرگمهر... با حل معمای شطرنج و اختراع نرد، برتری فکری ایران را در برابر حکیمان هند اثبات کرد.,"['بزرگمهر ', 'الشن مرادی', 'محمد امین طباطبایی']"
چه کسی  تقویم جلالی را طراحی کرد و سلطان سنجر را از آبله درمان نمود؟,scientists,عمر خیام,عمر خیام,عمر خیام تقویم جلالی را طراحی کرد و سلطان سنجر را از آبله درمان نمود.,خیام حدود سال‌های 458 تا 476 هجری شمسی سرپرست رصدخانه اصفهان بود، تقویم جلالی را طراحی کرد و سلطان سنجر را از آبله درمان نمود.,"['عمر خیام', 'ملا علی قوشچی', 'وحیدالزمان قزوینی']"
چه کسی دانشکده فلسفه علم دانشگاه صنعتی شریف را تاسیس کرد؟,scientists,مهدی گلشنی در سال 1376 دانشکده فلسفه علم دانشگاه صنعتی شریف را تاسیس کرد,مهدی گلشنی,مهدی گلشنی در سال 1376 دانشکده فلسفه علم دانشگاه صنعتی شریف را تاسیس کرد.,مهدی گلشنی، متولد 1318 شمسی در اصفهان، فیزیک‌دان نظری و استاد است. او در سال 1376 دانشکده فلسفه علم دانشگاه صنعتی شریف را تاسیس کرد.,"['مهدی گلشنی', 'غلامرضا اعوانی', 'سید حسین نصر']"
چه کسی به ابن‌سینا دانش پزشکی آموخت؟,scientists,ابومنصور حسن بن نوح کمرهای بخاری در بغداد به ابن‌سینا دانش پزشکی آموخت,ابومنصور حسن بن نوح کمرهای بخاری,بخاری در بغداد به ابن‌سینا دانش پزشکی آموخت.,ابومنصور حسن بن نوح کمرهای بخاری، معروف به شمسی البخاری، در کمره بخارا متولد شد. او به‌عنوان پزشک در سده چهارم هجری فعالیت می‌کرد و آثاری چون غنی و منی و التنویر فی الاصطلاحات الطبیه از او منتشر شده است. بخاری در بغداد به ابن‌سینا دانش پزشکی آموخت.,"['ابن سینا', 'ابومنصور حسن بن نوح کمرهای بخاری', 'برزویه']"
چه کسی برای بازی در «نفس» جایزه بهترین بازیگر زن را از جشنواره‌های بین‌المللی دریافت کرد؟,art_music,پانتهآ پناهیها,پانته‌آ پناهی‌ها,برای بازی در «نفس» جایزه بهترین بازیگر زن را از جشنواره‌های بین‌المللی دریافت کرد.,او برای بازی در «نفس» جایزه بهترین بازیگر زن را از جشنواره‌های بین‌المللی دریافت کرد.,"['مریم پالیزبان', 'شبنم مقدمی', 'پانته\u200cآ پناهی\u200cها']"
کدام بازیگر در خیزش 1401 ایران با برداشتن حجاب از زنان ایرانی حمایت کرد؟,art_music,مریم پالیزبان,مریم پالیزبان,در خیزش 1401 ایران با برداشتن حجاب از زنان ایرانی حمایت کرد.,او در خیزش 1401 ایران با برداشتن حجاب از زنان ایرانی حمایت کرد.,"['مریم پالیزبان', 'شیوا ابراهیمی', 'فرزین محدث']"
چه کسی فیلمنامه ی شب های برره را نوشته است؟,art_music,بهاره رهنما,بهاره رهنما,فیلمنامه ی شب های برره را بهاره رهنما نوشته است.,او همچنین در تئاترهایی مانند «شاه لیر» در سال 1397 و «دورهمی زنان شکسپیر» در سال 1393 نقش‌آفرینی کرده و فیلم‌نامه‌هایی مانند «شب‌های برره» و «باغ مظفر» نوشته است.,"['بهاره رهنما', 'احمد ایراندوست', 'شهرام شب\u200cپره']"
چه کسی برنده سیمرغ بلورین بهترین بازیگر نقش مکمل مرد در جشنواره فیلم فجر برای «ابد و یک روز» شد؟,art_music,نوید محمدزاده,نوید محمدزاده,برنده سیمرغ بلورین بهترین بازیگر نقش مکمل مرد در جشنواره فیلم فجر برای «ابد و یک روز»,محمدزاده در سال 1395 برنده سیمرغ بلورین بهترین بازیگر نقش مکمل مرد در جشنواره فیلم فجر برای «ابد و یک روز» شد.,"['نوید محمدزاده', 'شبنم مقدمی', 'فرهاد اصلانی']"
چه کسانی فرهاد اصلانی را متهم به آزار جنسی کرده اند؟,art_music,سمیه میرشمسی و آوازه شهناز او را متهم به آزار جنسی کردند,فرهاد اصلانی,سمیه میرشمسی و آوازه شهناز فرهاد اصلانی را متهم به آزار جنسی کرده‌اند.,در سال 1401، سمیه میرشمسی و آوازه شهناز او را متهم به آزار جنسی کردند، اتهاماتی که اصلانی رد کرده و از میرشمسی شکایت کرده است.,"['فرهاد اصلانی', 'فرزاد حسنی ساطحی', 'فرهاد کرمانشاهی']"
باران کوثری چه جوایزی گرفته است؟,art_music,او جوایزی از جمله بهترین بازیگر زن جشنواره تئاتر فجر (1379) دریافت کرده است,باران کوثری,باران کوثری برای بازی در «خون‌بازی» جایزه بهترین بازیگر زن را از بیست و پنجمین جشنواره فیلم فجر دریافت کرد.,او برای بازی در «خون‌بازی» جایزه بهترین بازیگر زن را از بیست و پنجمین جشنواره فیلم فجر دریافت کرد.,"['باران کوثری', 'محمداسماعیل کوثری', 'آروین معظمی گودرزی']"
یکی از برجسته‌ترین بازیگران سینمای ایران در دهه‌های 1340 و 1350  چه کسی است؟,art_music,بهروز وثوقی,بهروز وثوقی,بهروز وثوقی یکی از برجسته‌ترین بازیگران سینمای ایران در دهه‌های 1340 و 1350 محسوب می‌شود.,وثوقی در مجموعه‌های تلویزیونی مانند «سلطان و شبان» (1363) حضور داشته و یکی از برجسته‌ترین بازیگران سینمای ایران در دهه‌های 1340 و 1350 محسوب می‌شود.,"['جمشید مشایخی', 'بهروز وثوقی', 'علی\u200cاصغر گرمسیری']"
